OrderID,Trial_0,Trial_1,Trial_2,Trial_3,Trial_4,Trial_5,Trial_6,Trial_7,Trial_8,Trial_9,Trial_10,Trial_11,Trial_12,Trial_13,Trial_14,Trial_15,Trial_16,Trial_17,Trial_18,Trial_19,Trial_20,Trial_21,Trial_22,Trial_23,Trial_24,Trial_25,Trial_26,Trial_27,Trial_28,Trial_29,Trial_30,Trial_31
0,1,2,31,32,3,4,29,30,5,6,27,28,7,8,25,26,9,10,23,24,11,12,21,22,13,14,19,20,15,16,17,18
1,31,32,3,4,29,30,5,6,27,28,7,8,25,26,9,10,23,24,11,12,21,22,13,14,19,20,15,16,17,18,1,2
2,3,4,29,30,5,6,27,28,7,8,25,26,9,10,23,24,11,12,21,22,13,14,19,20,15,16,17,18,1,2,31,32
3,29,30,5,6,27,28,7,8,25,26,9,10,23,24,11,12,21,22,13,14,19,20,15,16,17,18,1,2,31,32,3,4
4,5,6,27,28,7,8,25,26,9,10,23,24,11,12,21,22,13,14,19,20,15,16,17,18,1,2,31,32,3,4,29,30
5,27,28,7,8,25,26,9,10,23,24,11,12,21,22,13,14,19,20,15,16,17,18,1,2,31,32,3,4,29,30,5,6
6,7,8,25,26,9,10,23,24,11,12,21,22,13,14,19,20,15,16,17,18,1,2,31,32,3,4,29,30,5,6,27,28
7,25,26,9,10,23,24,11,12,21,22,13,14,19,20,15,16,17,18,1,2,31,32,3,4,29,30,5,6,27,28,7,8
8,9,10,23,24,11,12,21,22,13,14,19,20,15,16,17,18,1,2,31,32,3,4,29,30,5,6,27,28,7,8,25,26
9,23,24,11,12,21,22,13,14,19,20,15,16,17,18,1,2,31,32,3,4,29,30,5,6,27,28,7,8,25,26,9,10
10,11,12,21,22,13,14,19,20,15,16,17,18,1,2,31,32,3,4,29,30,5,6,27,28,7,8,25,26,9,10,23,24
11,21,22,13,14,19,20,15,16,17,18,1,2,31,32,3,4,29,30,5,6,27,28,7,8,25,26,9,10,23,24,11,12
12,13,14,19,20,15,16,17,18,1,2,31,32,3,4,29,30,5,6,27,28,7,8,25,26,9,10,23,24,11,12,21,22
13,19,20,15,16,17,18,1,2,31,32,3,4,29,30,5,6,27,28,7,8,25,26,9,10,23,24,11,12,21,22,13,14
14,15,16,17,18,1,2,31,32,3,4,29,30,5,6,27,28,7,8,25,26,9,10,23,24,11,12,21,22,13,14,19,20
15,17,18,1,2,31,32,3,4,29,30,5,6,27,28,7,8,25,26,9,10,23,24,11,12,21,22,13,14,19,20,15,16