x,y,z,label
-0.055815,-0.054921,-0.048780,1
-0.609882,-0.126320,0.130260,1
0.632224,0.156756,0.211992,2
0.614112,0.120938,0.159621,2
0.972576,-0.007791,-0.117047,2
-0.771691,-0.175195,-0.124477,1
-0.654025,0.299848,0.051356,1
-0.394258,-0.416389,-0.370780,1
-0.740355,-0.298955,-0.127566,1
0.722054,0.089523,0.439410,2
-0.756584,0.222163,-0.175108,1
0.722284,0.468845,-0.333777,2
0.479766,0.173612,0.172236,2
-0.434053,-0.094777,-0.204235,1
-0.185145,-0.297243,-0.372334,1
0.413064,-0.143555,0.206089,2
0.524887,0.013447,-0.036752,2
-0.365512,-0.168002,0.444640,1
0.544414,0.264384,0.054229,2
0.217135,0.181214,0.122553,2
0.314610,-0.272920,-0.302230,2
-0.541406,0.060280,0.049344,1
-0.779574,0.220886,0.195582,1
-0.669767,-0.400550,0.067428,1
0.485756,0.101745,-0.178425,2
0.310713,-0.002302,0.039233,2
-0.487466,0.234648,-0.442244,1
0.575945,-0.209206,0.291775,2
0.534776,-0.242492,-0.296900,2
-0.406637,-0.451435,-0.017090,1
-0.322833,0.092350,-0.006905,1
-0.527768,-0.232750,0.198105,1
-0.338753,-0.008049,0.231859,1
-0.968301,-0.110942,-0.228501,1
-0.999802,-0.500000,-0.128165,1
-0.823891,0.192920,-0.090264,1
-0.416205,0.305415,-0.076739,1
-0.612206,0.074891,-0.308715,1
0.488924,-0.032402,0.294990,2
0.827752,0.443043,-0.083364,2
0.483975,0.208362,0.294429,2
-1.000000,-0.158031,0.276166,1
-0.230090,0.031719,0.228363,1
-0.310089,0.321955,-0.078148,1
0.408972,0.078054,0.336394,2
0.399293,0.063012,0.445417,2
-0.695396,0.022648,0.177035,1
0.943876,-0.105312,0.257068,2
-0.946938,0.062946,0.218272,1
0.198506,0.032706,0.186755,2
-0.463919,0.250843,-0.100251,1
-0.699776,-0.026169,0.123824,1
-0.371243,0.106557,0.005258,1
-0.259101,-0.052155,0.132312,1
0.549467,0.155060,-0.192790,2
-0.447154,-0.178883,0.216044,1
-0.643870,0.126993,-0.462120,1
0.512780,0.090817,-0.036283,2
-0.469192,-0.112905,0.038074,1
0.662118,-0.192244,0.037248,2
-0.532280,0.389811,0.490899,1
0.385478,-0.151117,0.099633,2
-0.601522,-0.171350,-0.159547,1
-0.625396,-0.005343,-0.008855,1
0.195467,0.050413,0.159124,2
0.709700,0.458191,-0.303507,2
0.558518,-0.179334,0.000501,2
0.561910,-0.011158,-0.147615,2
0.596730,-0.318010,-0.075674,2
0.367328,-0.013477,-0.090082,2
0.296992,0.091353,-0.188776,2
-0.356499,0.060735,-0.337646,1
-0.513288,-0.137756,-0.133838,1
-0.003262,-0.151897,0.380812,1
0.279698,-0.202503,-0.188851,2
0.579587,-0.170792,-0.127126,2
-0.422702,0.252864,-0.199624,1
-0.477521,0.067471,-0.109149,1
-0.209663,-0.380850,-0.229884,1
0.551797,-0.076521,0.227049,2
-0.562977,0.045776,0.004668,1
0.476640,0.067313,-0.053582,2
-0.632856,0.134108,-0.106174,1
0.816546,-0.057699,-0.433797,2
0.149917,-0.033791,0.172856,2
0.496873,0.064069,-0.096885,2
-0.613936,0.103385,-0.392483,1
-0.509919,0.074505,-0.038716,1
0.019371,0.033842,-0.213159,2
-0.235293,-0.161124,-0.346921,1
-0.423078,0.101743,0.171682,1
-0.765716,-0.316994,0.233953,1
-0.571089,-0.103679,-0.248272,1
0.252413,0.081800,-0.116978,2
0.967555,0.278973,-0.010137,2
0.425377,0.048484,0.266518,2
0.146395,-0.001037,-0.389330,2
0.778003,0.140117,0.234397,2
0.653976,0.407815,-0.311210,2
0.809328,-0.011553,0.199241,2
0.482122,-0.128444,-0.151851,2
0.855113,-0.157122,0.152321,2
-0.395537,-0.096382,0.305443,1
-0.174011,0.041111,-0.187736,1
-0.739596,-0.091115,-0.125473,1
-0.474859,0.280662,-0.439499,1
0.291722,-0.022073,0.115664,2
0.804647,0.213146,0.020402,2
-0.772754,0.109995,0.041714,1
-0.157288,0.048615,-0.460699,1
-0.514963,0.231485,-0.250762,1
0.871582,0.309725,0.045245,2
-0.010827,-0.030602,-0.026968,1
0.497224,-0.462676,-0.193407,2
0.219357,-0.471848,-0.190151,2
0.459080,-0.277092,0.316219,2
0.348990,-0.168387,0.190517,2
0.550435,0.226252,-0.092178,2
0.729054,-0.298722,0.277512,2
-0.813964,0.156978,-0.010231,1
0.405824,-0.090970,-0.178583,2
-0.221437,-0.032789,-0.017708,1
-0.547340,0.232996,0.199506,1
0.418484,0.212925,-0.102439,2
0.269160,0.265050,0.348525,2
0.704044,-0.022045,0.209049,2
-0.931206,-0.176049,-0.170927,1
-0.684298,-0.287403,-0.154849,1
0.370348,0.393664,-0.142218,2
0.950967,-0.101642,-0.175120,2
-0.262279,-0.137962,0.184032,1
-0.477197,0.052138,-0.037420,1
0.435330,0.060958,0.135723,2
-0.648319,0.259939,0.138798,1
0.669943,0.026649,0.050982,2
-0.486104,0.171415,0.095838,1
0.487887,0.272207,0.162143,2
0.629980,0.359144,-0.107534,2
0.334167,0.018643,-0.014346,2
0.246202,0.105763,-0.367708,2
0.642321,0.153929,-0.129391,2
-0.623317,-0.462405,-0.214330,1
-0.597547,0.117004,-0.353558,1
-0.292952,0.031387,-0.164356,1
0.735297,-0.215348,-0.014504,2
0.379622,0.303175,-0.081982,2
0.534331,0.182673,-0.261453,2
-0.403709,-0.119098,-0.088778,1
-0.488516,-0.244203,-0.275949,1
-0.631422,-0.195229,0.125594,1
0.549372,0.337881,-0.312082,2
-0.304406,-0.033103,0.140000,1
-0.759974,-0.160960,-0.105845,1
0.738233,-0.231668,-0.362733,2
-0.607825,0.124245,-0.000209,1
0.406980,0.182715,0.206014,2
0.164888,0.041627,-0.070084,2
-0.155732,-0.401230,0.108761,1
-0.316108,-0.142874,0.172796,1
-0.533393,0.055364,-0.138148,1
0.119544,-0.220939,-0.252218,2
-0.318497,0.025504,0.124893,1
0.000000,0.112937,-0.035534,1
-0.589352,0.061864,0.284506,1
0.356467,-0.166511,-0.007980,2
0.593815,-0.121594,-0.060212,2
-0.470100,0.140487,0.158871,1
-0.826214,0.313959,0.127397,1
-0.507764,0.225530,-0.236052,1
0.365166,0.026315,-0.022827,2
-0.567371,-0.443048,0.053231,1
0.289907,0.092355,-0.286720,2
-0.555263,-0.012175,-0.046709,1
-0.309762,0.175231,-0.359582,1
-0.115622,-0.157253,0.381729,1
-0.460739,0.097341,0.319846,1
0.158814,-0.126094,0.070193,2
-0.678976,-0.194072,0.343827,1
0.578388,0.403040,0.303882,2
-0.390409,-0.029552,0.029264,1
0.992090,-0.171308,-0.113406,2
-0.821848,-0.005419,0.252340,1
-0.402310,0.252747,-0.049282,1
0.697228,-0.041341,-0.151017,2
0.548668,0.481011,0.010815,2
-0.825695,-0.115821,-0.120180,1
0.664887,0.079693,0.171058,2
-0.220423,-0.262553,-0.062196,1
-0.192641,-0.136396,0.005619,1
-0.576497,-0.285296,0.004581,1
0.520864,-0.311153,0.353543,2
0.254927,0.066542,-0.166503,2
-0.597422,-0.146326,-0.275169,1
-0.631170,0.164862,-0.202886,1
-0.163266,-0.139810,0.189534,1
-0.415643,-0.130283,-0.216505,1
-0.472947,0.069001,-0.134587,1
-0.696519,-0.040385,0.151832,1
0.896368,-0.065332,0.167310,2
0.706744,-0.182765,-0.032189,2
0.677312,-0.142721,-0.201046,2
-0.552291,-0.230647,0.190077,1
-0.428924,-0.325374,0.129062,1
-0.635436,-0.028086,0.106821,1
-0.597567,-0.228526,0.009939,1
-0.733758,-0.066311,-0.130378,1
-0.547407,-0.180842,0.098972,1
0.564366,0.060226,0.254257,2
-0.103993,0.042803,-0.045354,1
0.570643,-0.239387,0.290963,2
0.202667,0.085900,-0.216657,2
-0.443206,0.302204,0.294791,1
0.397724,-0.155657,0.035592,2
-0.652261,-0.034018,-0.048196,1
-0.662550,0.093850,0.194959,1
0.453224,-0.291012,-0.239252,2
-0.238748,0.016019,0.392761,1
0.433038,0.294142,0.044898,2
-0.655740,0.259743,0.330603,1
0.772159,0.029037,0.044591,2
-0.799350,0.151272,-0.012899,1
0.576381,-0.184949,0.405453,2
-0.476089,-0.261030,0.064977,1
0.362727,-0.087510,-0.005911,2
-0.245449,0.033879,0.061975,1
-0.449606,-0.098011,0.022026,1
0.656001,0.094450,-0.353263,2
-0.192835,-0.148222,-0.074979,1
0.258989,-0.113119,-0.018982,2
-0.484507,-0.288152,-0.038563,1
0.663706,0.321734,0.293819,2
0.081998,-0.161757,0.024234,2
-0.336199,-0.098812,0.158395,1
0.542179,0.324181,-0.041109,2
0.714774,-0.168776,0.224473,2
-0.620200,-0.342577,0.414540,1
0.409075,0.237223,-0.057580,2
0.475758,0.095435,-0.135874,2
0.456430,0.481460,-0.026533,2
0.184411,-0.037555,0.055327,2
-0.310187,-0.092784,0.032066,1
0.536302,-0.062875,0.136713,2
0.342825,-0.200318,-0.131654,2
-0.461840,-0.023947,0.051491,1
0.146789,0.249068,0.129606,2
0.514565,0.260110,0.398235,2
-0.142523,0.218391,-0.166538,1
0.325400,0.351349,0.025913,2
0.699039,-0.351478,-0.061811,2
-0.535629,-0.135148,-0.311339,1
-0.603359,-0.261738,0.106419,1
-0.322075,0.190602,-0.335088,1
0.939462,-0.018766,0.204507,2
0.038535,0.241311,0.192931,2
-0.482599,0.236608,-0.383918,1
0.774752,0.146846,0.119420,2
-0.569649,-0.125789,-0.026254,1
0.824065,-0.056256,0.190251,2
0.435108,0.022851,0.161607,2
0.667713,-0.180376,0.116717,2
-0.569940,0.236177,0.089012,1
0.130990,-0.070754,0.201557,2
-0.295716,-0.036517,-0.198041,1
-0.886331,-0.231088,0.130728,1
0.964588,0.060800,-0.015505,2
-0.508868,-0.226667,0.256484,1
0.697994,-0.088062,-0.278329,2
-0.098020,-0.298750,0.014379,1
0.136161,0.323171,0.037148,2
0.359240,-0.273723,0.141398,2
0.366890,-0.253745,-0.453216,2
-0.463130,0.059194,0.402432,1
-0.192280,0.276672,-0.079762,1
0.079694,0.085220,0.046898,2
0.472873,-0.064207,-0.086285,2
-0.489361,-0.278244,-0.288229,1
-0.582272,0.224189,0.172653,1
0.499751,0.054158,0.093623,2
0.569163,0.217024,-0.308395,2
-0.576541,-0.104000,-0.210459,1
0.531603,0.137278,0.434220,2
-0.352356,-0.231748,0.051981,1
-0.560965,-0.120659,0.009255,1
0.316705,-0.071896,0.233918,2
0.864894,-0.079590,-0.339893,2
-0.625989,0.448752,0.046010,1
-0.369509,-0.113632,-0.382305,1
0.592491,0.265354,-0.368387,2
-0.216107,-0.133835,0.198901,1
-0.371525,-0.135715,-0.049052,1
0.165541,-0.180354,0.167063,2
0.703322,-0.085036,-0.136592,2
-0.930748,0.030417,0.274345,1
0.749424,0.290490,0.358153,2
-0.464038,0.171774,-0.049244,1
0.808452,0.004950,-0.055251,2
-0.374110,0.409628,-0.189549,1
0.714041,0.402489,-0.165244,2
0.512141,-0.062830,-0.204233,2
0.452935,-0.037881,-0.006373,2
0.581737,-0.079291,-0.156654,2
-0.726889,0.304437,0.072405,1
-0.818623,0.478860,0.035167,1
-0.297568,-0.083023,-0.231760,1
0.813269,-0.414066,-0.383257,2
-0.776671,-0.147002,0.198610,1
0.330194,0.086196,-0.015009,2
-0.796656,-0.340938,-0.238227,1
0.259616,-0.216159,-0.197209,2
-0.505829,0.151495,0.045032,1
-0.481196,0.005825,0.246007,1
-0.561149,-0.248133,0.026064,1
0.728517,-0.087774,0.040048,2
0.636759,0.152249,-0.275463,2
0.206260,0.039156,0.192014,2
0.685483,0.158353,-0.291270,2
0.812784,-0.086060,-0.132025,2
-0.606243,-0.137429,-0.153655,1
-0.513090,0.062677,0.287984,1
0.591371,-0.212676,0.099641,2
0.241809,0.067171,-0.336358,2
0.766467,0.309407,0.062866,2
-0.619303,0.100618,-0.066227,1
0.568521,-0.071776,0.140789,2
0.925733,-0.153238,-0.190049,2
-0.433904,0.120511,0.053489,1
-0.305037,-0.094906,0.020101,1
0.383009,0.120706,0.099268,2
-0.533921,0.204031,-0.375128,1
-0.477832,-0.080953,0.096840,1
0.208244,0.224358,0.010448,2
-0.693759,-0.046607,0.177568,1
-0.585885,0.144344,0.200866,1
-0.408134,0.027941,0.383144,1
-0.721524,-0.034348,0.299439,1
-0.642045,0.162692,0.139170,1
0.405156,-0.062698,-0.060024,2
0.696049,-0.236385,-0.405243,2
-0.620395,-0.262486,-0.027151,1
0.068598,-0.194586,0.327882,2
-0.491977,0.021842,0.412463,1
-0.624483,-0.033308,0.482088,1
0.543132,0.177823,0.022384,2
0.925214,0.031659,0.161136,2
-0.495804,0.107405,-0.080332,1
0.318357,0.158032,0.178740,2
-0.343918,-0.043133,0.162454,1
-0.600608,-0.376118,-0.118209,1
0.201254,0.054732,-0.026722,2
-0.035493,0.045489,-0.147513,1
0.429609,0.102483,0.091174,2
-0.782900,-0.278282,0.103236,1
0.161573,0.081366,-0.136824,2
-0.760516,0.199650,0.269146,1
-0.448065,0.218095,-0.160150,1
-0.550217,-0.054642,0.028876,1
-0.352096,0.155021,0.136834,1
-0.578360,0.131080,0.014157,1
-0.509482,0.035282,0.203863,1
-0.235755,-0.034601,0.150408,1
-0.845708,-0.035648,0.371325,1
-0.306049,-0.034019,0.144806,1
-0.671719,0.332983,0.147916,1
-0.628323,-0.128161,0.066531,1
0.556200,0.011140,0.500000,2
0.603693,-0.065149,0.125335,2
0.617487,0.383309,-0.343783,2
0.183079,-0.148225,0.225587,2
-0.491756,-0.164856,-0.375228,1
0.433199,-0.296692,0.175822,2
-0.168011,-0.088364,0.057727,1
0.735611,0.079827,0.030929,2
0.127288,-0.002621,-0.301328,2
-0.646184,0.445668,-0.001894,1
-0.351695,-0.275668,0.133999,1
-0.765493,-0.303150,-0.281521,1
-0.536987,-0.022012,-0.184545,1
0.300991,0.302514,-0.075797,2
0.392493,0.118921,0.325635,2
0.756117,-0.043647,-0.360891,2
-0.236694,0.046968,0.080632,1
0.270487,0.102934,-0.133206,2
-0.456100,-0.281489,0.384762,1
0.620280,-0.101151,-0.137810,2
-0.683119,0.281897,-0.137678,1
-0.547783,-0.097953,0.338741,1
0.425377,0.197818,-0.074321,2
0.422791,-0.106700,-0.132362,2
-0.530365,-0.233422,0.257466,1
-0.366025,-0.133811,-0.356176,1
0.516778,0.192278,0.434698,2
-0.447055,-0.122539,0.404373,1
-0.584772,-0.134319,0.276600,1
-0.279612,-0.155856,0.117617,1
-0.524175,0.170581,0.032467,1
0.655219,-0.127815,0.106170,2
0.187829,-0.126599,0.229180,2
-0.398810,0.194670,0.043495,1
0.104299,0.011039,-0.040696,2
-0.604267,-0.123707,0.243881,1
-0.031138,-0.275774,-0.311624,1
-0.397930,0.177561,-0.276189,1
-0.023976,-0.273789,0.183984,1
0.522882,0.014669,0.456880,2
0.692295,-0.066421,0.280803,2
-0.477113,0.242709,-0.060828,1
-0.888230,-0.113149,0.308894,1
-0.464495,-0.219528,-0.166152,1
-0.626953,0.176148,-0.211243,1
-0.482613,0.162870,0.079139,1
0.551860,-0.171237,-0.202987,2
-0.426851,-0.127390,-0.204790,1
0.462143,-0.124829,-0.278608,2
0.547580,0.275587,-0.062615,2
0.398453,0.154706,0.287355,2
-0.133078,0.129403,-0.100566,1
-0.192457,0.092408,-0.076201,1
0.403572,-0.016001,-0.432982,2
-0.366096,-0.071545,-0.062986,1
0.347194,-0.023777,-0.014351,2
-0.555297,0.082373,-0.116193,1
0.000000,-0.256940,0.146560,2
0.533752,-0.331145,-0.257490,2
-0.500009,-0.002017,0.236583,1
-0.544843,-0.001753,0.045952,1
-0.583978,0.132928,0.127070,1
0.235445,0.117093,-0.047106,2
0.376607,-0.066614,0.349724,2
0.573701,0.349012,0.069826,2
-0.486926,0.078241,-0.039980,1
0.600745,0.113595,0.332460,2
0.612040,0.192363,0.037173,2
-0.605712,0.278491,0.080933,1
0.557376,-0.419259,0.014231,2
0.726237,-0.027344,-0.167848,2
-0.662741,0.109361,-0.309031,1
-0.722903,0.117051,0.028935,1
-0.959891,0.146373,0.044657,1
-0.516549,-0.152239,0.142804,1
0.650347,0.160636,-0.196767,2
0.543614,0.159179,0.055305,2
-0.367553,0.052848,0.077248,1
0.461336,0.042569,-0.011886,2
0.539077,-0.471556,-0.283545,2
0.456653,0.292603,0.198971,2
0.241703,-0.192421,0.020492,2
0.496626,-0.095566,0.118486,2
-0.627761,-0.201987,-0.408746,1
0.395043,0.070766,-0.002985,2
-0.525342,-0.161919,-0.237619,1
-0.647118,-0.128775,0.088461,1
-0.540336,0.269044,0.227056,1
0.369198,-0.214277,0.071235,2
0.898371,0.169931,0.015634,2
-0.671037,-0.152864,-0.007292,1
-0.583687,-0.153275,-0.127679,1
-0.192556,-0.208004,-0.268106,1
-0.503711,0.338309,0.007511,1
-0.588291,0.290713,-0.414093,1
0.877274,0.456164,-0.012349,2
0.350799,0.262179,-0.231601,2
0.661532,0.030884,-0.218354,2
0.058319,-0.079105,-0.155088,2
0.794029,-0.015303,0.172488,2
-0.554836,0.287903,0.002292,1
-0.501125,-0.058094,0.042897,1
0.676605,-0.350340,-0.216839,2
0.896426,0.072656,0.194274,2
-0.486307,0.108388,0.037029,1
0.360503,-0.357932,-0.476766,2
0.397519,-0.116481,0.286117,2
-0.292729,-0.127621,-0.007247,1
0.626274,0.069736,0.181703,2
0.562050,0.271283,-0.026502,2
0.503692,-0.085921,-0.139706,2
-0.663107,0.094978,0.153980,1
0.473462,0.281076,0.107645,2
-0.682713,-0.127689,0.058827,1
-0.980495,-0.153689,-0.117127,1
-0.511515,0.019015,-0.034642,1
-0.593645,-0.029860,-0.069425,1
-0.653503,-0.052559,-0.378571,1
0.341216,-0.109140,0.057851,2
0.521264,0.042719,-0.315329,2
-0.607032,0.127770,0.225387,1
-0.257037,-0.082982,0.030322,1
0.378348,0.078794,-0.120277,2
-0.891418,0.283200,0.429963,1
-0.573503,0.262188,0.175841,1
-0.318829,0.414818,-0.114963,1
-0.550433,0.326160,-0.287573,1
-0.367453,-0.390386,0.037283,1
0.253555,0.261488,-0.024837,2
-0.455114,-0.306210,-0.199191,1
0.675310,0.043653,-0.094139,2
-0.577257,-0.110682,-0.130915,1
-0.537365,-0.032787,-0.106455,1
0.715328,0.320703,-0.137957,2
0.322844,0.125297,0.040216,2
-0.444006,0.045796,-0.218785,1
0.460118,0.065567,-0.143704,2
-0.409178,0.321776,-0.159666,1
0.728793,-0.400724,0.030641,2
-0.692631,-0.311940,-0.344225,1
-0.665894,0.113129,0.269618,1
-0.139469,0.012449,0.052582,1
0.516566,-0.008995,-0.128388,2
0.506291,0.166752,-0.017952,2
-0.569412,-0.008957,0.054322,1
0.596760,0.306713,-0.425185,2
0.765163,0.478945,0.141728,2
-0.412199,-0.129258,-0.156338,1
0.501185,0.029547,-0.180406,2
-0.656087,0.093471,0.126638,1
-0.445788,-0.044667,0.098222,1
-0.496863,0.500000,-0.034796,1
-0.667936,-0.006804,-0.197997,1
-0.874154,-0.189117,0.134274,1
-0.470978,-0.431233,0.016748,1
0.503384,0.031606,-0.186595,2
0.264936,-0.021888,-0.133202,2
0.442258,0.167356,-0.030680,2
0.287017,-0.090557,0.087100,2
0.210571,0.225653,0.257676,2
0.439734,0.215645,-0.003644,2
0.737035,0.402854,-0.388211,2
0.407750,0.140838,-0.062374,2
0.449800,0.129071,0.389816,2
0.275492,-0.270070,-0.019767,2
0.657482,-0.242141,0.159191,2
0.629678,0.236149,-0.033969,2
0.656918,-0.245274,0.272434,2
0.825914,0.076909,-0.068727,2
-0.416162,-0.022233,0.174336,1
-0.851136,-0.332595,0.012058,1
-0.573835,0.226198,0.271640,1
-0.767456,-0.174046,0.086320,1
-0.705917,-0.199652,-0.035182,1
0.716374,-0.017873,0.037690,2
0.949475,-0.040663,-0.316954,2
0.536408,0.237929,0.159048,2
0.708075,0.380185,-0.036693,2
0.647753,-0.242329,-0.220269,2
-0.257377,0.020492,0.191888,1
0.129197,-0.027500,0.216830,2
-0.231525,-0.129690,-0.109511,1
-0.823978,0.178784,-0.083621,1
0.796893,-0.274513,0.034808,2
-0.833125,-0.214760,-0.184960,1
-0.624984,-0.409945,-0.011915,1
0.413263,-0.139366,0.358090,2
-0.329041,-0.081907,0.318687,1
0.536170,0.038911,0.222883,2
-0.779631,-0.294693,0.031525,1
0.474961,-0.044658,-0.211170,2
0.155513,0.081856,-0.183909,2
-0.296025,0.064968,-0.248825,1
0.527091,-0.140057,-0.161331,2
0.560050,-0.073439,-0.114757,2
-0.369711,0.319828,-0.096636,1
-0.604844,-0.322789,0.144517,1
-0.519784,0.085647,0.459924,1
-0.449181,0.165229,0.079070,1
0.544650,0.254798,0.012550,2
-0.591846,-0.319966,0.170144,1
-0.425533,-0.159981,0.300906,1
0.846922,-0.018629,-0.192963,2
0.630878,-0.137857,0.088489,2
0.540045,0.146780,-0.023051,2
0.959053,-0.326613,-0.337809,2
0.417053,0.269622,-0.088023,2
-0.310526,-0.119661,0.128474,1
0.952355,0.399556,0.149075,2
0.187404,0.108484,0.190556,2
0.801465,-0.128802,0.007378,2
0.528025,0.012977,-0.264506,2
0.495650,-0.091977,0.044711,2
-0.550468,-0.094159,-0.242945,1
-0.469440,0.397990,-0.132096,1
0.389047,-0.000403,-0.274599,2
-0.500375,-0.300434,-0.077607,1
0.687540,0.252503,-0.205001,2
-0.631012,0.132315,-0.165061,1
-0.599164,0.308649,-0.282292,1
0.447241,-0.029275,0.155514,2
0.759832,-0.129071,-0.367332,2
-0.525386,-0.175807,0.027776,1
-0.446140,-0.127761,-0.070616,1
-0.405653,0.419112,0.009178,1
0.955193,0.135437,0.130489,2
0.835523,-0.128736,-0.017695,2
-0.833795,-0.057750,0.050110,1
-0.769389,0.320982,0.136366,1
-0.474607,-0.018360,-0.216490,1
0.439762,-0.290829,-0.180169,2
0.287927,-0.236896,-0.059310,2
0.231737,-0.085675,0.149878,2
-0.655193,-0.128555,0.323983,1
-0.485125,0.113175,-0.157629,1
-0.344182,-0.108781,0.153072,1
-0.324081,0.343009,-0.177079,1
0.921235,0.096041,-0.278457,2
-0.102225,0.293975,-0.003760,1
0.806007,0.071509,0.126806,2
0.151688,0.140929,-0.047260,2
0.431715,-0.217397,-0.264612,2
0.617518,0.032072,0.159631,2
0.057234,-0.006650,0.107545,2
0.851996,-0.162844,0.144297,2
0.309156,0.102443,0.268315,2
-0.507102,-0.110348,-0.257963,1
0.804139,0.065956,0.045451,2
-0.510899,0.267978,0.121571,1
-0.056494,0.286950,0.175980,1
0.745118,-0.274726,0.392662,2
-0.123041,0.085209,-0.064099,1
0.348583,-0.451193,0.117251,2
-0.693800,-0.014347,-0.153598,1
-0.642564,-0.122318,0.120564,1
0.873169,0.057108,0.150702,2
-0.365620,0.156716,-0.059337,1
0.211885,0.228937,-0.018989,2
0.553102,0.227555,0.103764,2
-0.637320,0.180522,-0.207723,1
0.342166,0.300876,-0.039919,2
0.483634,0.175683,-0.408986,2
0.516235,-0.408903,0.117708,2
-0.310798,-0.055658,0.307952,1
-0.592973,-0.215327,0.038906,1
-0.463103,-0.234971,0.198373,1
0.446124,-0.022287,0.101432,2
0.834862,0.243800,0.149502,2
0.277582,0.320337,0.237837,2
-0.685793,0.129183,0.409317,1
0.422279,0.185555,-0.287416,2
0.472724,0.384661,-0.057222,2
-0.374424,-0.079257,0.015432,1
-0.527529,-0.074886,0.143235,1
0.593903,0.068252,0.261822,2
-0.462470,0.023984,-0.114530,1
0.443019,0.315212,0.148056,2
0.305356,-0.479943,0.037586,2
0.442552,-0.237189,0.055745,2
0.321467,-0.312282,-0.271833,2
-0.649449,0.307715,0.133832,1
0.560941,0.404943,0.044516,2
0.239244,-0.014122,-0.158672,2
0.734461,0.137733,0.185039,2
0.303766,0.043501,0.025682,2
-0.274966,-0.080428,0.146372,1
-0.748102,0.068606,-0.141957,1
-0.257934,-0.230318,0.140290,1
-0.480469,-0.100292,-0.201380,1
0.369664,0.140967,0.204016,2
0.501992,0.302971,0.335642,2
0.465633,-0.079928,0.347035,2
-0.603113,-0.152218,-0.435765,1
0.480838,0.185055,-0.147057,2
0.278487,-0.050305,-0.052085,2
0.438020,-0.204145,0.375493,2
-0.676948,0.212774,0.167522,1
0.483414,0.085040,0.081674,2
0.584666,0.258744,-0.334504,2
0.189686,-0.024426,0.099984,2
0.322901,0.172042,0.110827,2
0.602141,0.257639,0.074945,2
0.321383,0.220351,-0.342781,2
-0.751487,0.417031,-0.104059,1
-0.123851,-0.073015,0.101738,1
-0.693792,0.025254,-0.346031,1
0.821696,-0.243797,-0.179984,2
0.580812,-0.021294,-0.080618,2
-0.267862,0.243298,0.419459,1
0.439680,-0.096773,0.102723,2
0.759434,-0.064516,-0.118595,2
-0.691128,-0.030456,0.022322,1
0.937395,0.013648,-0.091175,2
-0.474239,0.484176,0.373630,1
0.326631,0.123779,-0.063343,2
-0.342262,0.033612,-0.002212,1
0.892826,-0.125650,0.083732,2
-0.091639,-0.119716,-0.433187,1
0.795015,-0.057345,0.208993,2
-0.467300,0.173651,0.350966,1
-0.596773,0.178603,-0.223376,1
0.470684,0.107160,0.204933,2
-0.185416,-0.159427,0.308218,1
-0.427406,0.226503,-0.074387,1
0.577343,0.280303,-0.316784,2
-0.510283,-0.095905,-0.163221,1
-0.808870,-0.462889,0.037844,1
-0.389212,-0.056791,-0.031383,1
0.551999,-0.386835,-0.026754,2
-0.347284,-0.218635,0.228283,1
-0.965904,-0.147894,0.169984,1
0.589060,-0.023645,-0.345088,2
0.813307,0.171519,-0.051780,2
0.792245,0.296309,-0.216210,2
0.858316,-0.150703,0.050607,2
0.888571,0.131461,-0.465387,2
-0.327823,-0.052429,-0.026106,1
-0.669626,-0.087679,0.159676,1
0.427212,0.132677,0.074691,2
0.446927,0.129884,0.139926,2
0.565859,-0.193053,0.170451,2
-0.151790,0.146721,0.334996,1
0.653175,-0.137134,-0.456454,2
-0.645795,0.200412,0.350183,1
0.325707,-0.178373,-0.258363,2
-0.489114,-0.000733,-0.018057,1
0.850943,0.155812,-0.014068,2
-0.296014,-0.038512,-0.158043,1
0.550080,0.027749,0.164222,2
0.475846,0.146413,0.002533,2
-0.927524,0.114055,-0.023237,1
-0.890788,-0.215461,-0.416065,1
-0.876469,0.098586,-0.163145,1
-0.401936,-0.129584,0.091893,1
0.767803,0.001008,0.192341,2
0.724936,0.156477,0.234371,2
0.483978,0.050823,0.045587,2
0.715227,-0.360003,-0.021362,2
-0.801500,-0.270220,0.026903,1
0.506097,-0.360201,0.341377,2
-0.643289,-0.274611,0.067581,1
0.734503,0.117249,-0.081582,2
0.458116,-0.056976,-0.212319,2
0.761902,-0.131658,-0.065660,2
0.524909,0.304927,0.006956,2
-0.704206,0.218206,0.195502,1
-0.610316,0.214902,-0.026199,1
0.878557,-0.192724,-0.052429,2
-0.429066,-0.313864,-0.004392,1
0.754179,0.244166,-0.095689,2
0.270803,0.274346,-0.251018,2
0.357855,-0.186843,0.049874,2
-0.738234,0.181736,-0.042580,1
-0.505728,-0.141269,0.189058,1
0.301042,0.138241,0.473206,2
-0.480405,0.060195,0.045879,1
-0.317256,-0.236986,0.039901,1
0.313006,0.149601,-0.002800,2
0.559503,0.051318,-0.193849,2
0.806118,-0.169434,0.211964,2
-0.627551,0.149944,0.170852,1
-0.335279,0.104999,-0.188218,1
-0.485947,0.084693,-0.324019,1
-0.793411,-0.352849,-0.107492,1
-0.601165,-0.238664,-0.339610,1
0.771202,-0.047882,-0.068942,2
-0.225545,-0.305787,-0.066786,1
0.568210,0.169231,-0.175124,2
0.311810,0.134365,-0.132802,2
-0.619663,0.119415,0.095321,1
-0.217936,-0.108289,0.166948,1
-0.308324,0.036319,0.092362,1
0.694819,-0.099774,0.070324,2
-0.700279,0.137246,0.221468,1
-0.558441,-0.148485,-0.095926,1
0.574830,0.134476,-0.059375,2
-0.607140,-0.199054,0.335790,1
0.836281,-0.128880,-0.117961,2
-0.465311,-0.161856,-0.058860,1
0.891822,0.096104,0.129884,2
-0.596813,0.093718,-0.353190,1
0.312323,0.022953,-0.251699,2
-0.572091,0.051447,0.343359,1
0.556834,0.121002,0.180680,2
0.734332,-0.118492,0.086491,2
0.768329,0.146551,0.122433,2
-0.730775,0.147947,-0.005159,1
0.664432,-0.162089,-0.163829,2
-0.792042,-0.181745,-0.101092,1
-0.607367,0.240827,0.160266,1
-0.386860,0.035319,0.045021,1
0.624484,0.052753,0.138311,2
-0.570842,0.064639,0.016494,1
0.667873,-0.041778,-0.195877,2
0.448367,-0.444362,0.008069,2
0.239741,-0.369097,0.394646,2
0.394708,0.225274,0.143208,2
-0.837661,-0.221088,-0.122099,1
0.295171,-0.207894,-0.123045,2
-0.429560,0.453064,-0.403178,1
0.384521,0.125920,-0.002259,2
-0.717267,-0.098534,-0.321519,1
0.617084,-0.076883,-0.053192,2
-0.195490,-0.134060,0.079022,1
-0.136593,0.171757,-0.302196,1
-0.271323,-0.255764,-0.041681,1
-0.658714,-0.110664,0.248917,1
0.254826,0.001816,-0.008061,2
-0.075489,-0.315287,0.005530,1
0.454736,-0.471443,0.363688,2
-0.616144,-0.242182,-0.258768,1
0.410544,0.182625,-0.115380,2
0.539757,-0.087497,0.106505,2
0.440814,-0.217665,0.024401,2
-0.622045,0.004176,-0.320685,1
0.713817,-0.021427,-0.010093,2
-0.336575,-0.118529,-0.139623,1
-0.869365,0.056986,0.009359,1
-0.437347,-0.351088,-0.148763,1
-0.116805,0.105823,0.141749,1
0.512641,-0.198113,0.194766,2
-0.348739,-0.089634,0.047570,1
-0.273311,0.122897,-0.063976,1
-0.358846,0.360726,0.500000,1
0.255067,0.042776,-0.125783,2
-0.537791,-0.128361,-0.234555,1
0.457045,0.071443,-0.150429,2
-0.819919,-0.233329,0.072120,1
-0.695909,0.047353,-0.100219,1
0.403756,0.171918,0.262091,2
0.790423,0.042003,-0.012703,2
-0.501246,-0.130696,-0.196229,1
-0.262160,-0.492294,0.217918,1
-0.802711,-0.102354,0.254348,1
-0.734529,0.365329,0.187109,1
0.681610,0.003202,-0.000592,2
0.617407,-0.043260,-0.206842,2
-0.788694,-0.018423,0.158843,1
0.102963,-0.039902,-0.017509,2
0.589010,-0.499692,0.206693,2
0.491239,-0.028918,-0.022851,2
-0.235005,0.317940,-0.249867,1
-0.381224,0.011202,-0.035423,1
0.348287,0.106304,0.038807,2
0.603162,0.159500,-0.088532,2
-0.181738,-0.197859,-0.353353,1
0.574874,0.026692,0.090411,2
0.523934,0.194176,0.037747,2
0.779695,0.192846,-0.245272,2
0.365532,-0.496548,0.065782,2
0.773054,-0.318932,0.202102,2
0.663077,-0.455151,0.034161,2
-0.398094,-0.151100,-0.232643,1
0.477297,0.074900,0.156136,2
-0.484436,-0.139296,0.163001,1
-0.516118,-0.030150,-0.309455,1
-0.544751,0.019473,-0.377275,1
0.577071,0.149171,0.157172,2
0.528247,-0.080912,0.232130,2
0.437668,0.102957,-0.025670,2
0.613911,-0.179778,0.139036,2
-0.549575,0.083226,0.201251,1
0.636276,0.356840,0.171417,2
-0.804147,0.014807,0.156721,1
-0.820908,-0.033148,0.100365,1
-0.719605,0.134019,-0.173784,1
-0.469398,0.090120,0.092175,1
0.453424,-0.178883,0.153179,2
-0.496543,-0.055085,0.497105,1
-0.841534,0.328552,0.229093,1
-0.382369,0.029828,-0.105797,1
-0.475497,0.182527,-0.062768,1
0.343465,0.152265,0.179831,2
-0.521142,-0.241311,-0.109329,1
0.629129,0.310383,0.108503,2
0.401913,-0.198189,-0.032210,2
-0.227692,0.184406,-0.403953,1
0.593538,-0.040611,-0.061991,2
-0.496860,0.023156,0.469790,1
0.220351,-0.208225,0.082318,2
0.495000,-0.377796,-0.164378,2
-0.671343,0.339984,-0.031038,1
-0.613080,0.078038,-0.000385,1
0.633109,-0.097104,0.080994,2
-0.539185,-0.444881,-0.414312,1
-0.279704,0.134942,0.072847,1
0.511207,0.285366,0.113542,2
-0.580543,0.101345,-0.069755,1
0.436671,0.436188,-0.257888,2
0.268786,-0.375122,-0.192830,2
0.431630,-0.063807,-0.171620,2
0.477302,-0.105620,0.050621,2
-0.621416,-0.055708,-0.100283,1
0.321044,-0.010989,-0.068568,2
-0.265774,-0.110848,-0.176369,1
0.841208,0.008815,0.385860,2
0.510772,-0.089566,-0.136345,2
-0.759375,0.017410,0.011807,1
0.823130,-0.150470,-0.494562,2
-0.374056,-0.105076,0.100675,1
0.399829,0.191650,-0.036084,2
-0.573716,-0.006987,0.279498,1
-0.296986,0.192457,0.095682,1
-0.529810,0.019261,-0.057929,1
-0.624556,-0.144784,-0.188564,1
0.314119,-0.042665,-0.435427,2
0.526379,0.230800,0.151665,2
0.622505,-0.048543,-0.135184,2
0.244712,0.078974,0.083314,2
-0.512813,-0.271286,0.124612,1
-0.117129,0.105591,-0.009163,1
0.386866,-0.168893,0.489844,2
0.494012,0.196779,-0.031573,2
-0.355221,0.040739,0.205254,1
-0.777342,-0.087937,0.161961,1
0.823181,-0.234590,-0.428354,2
0.676303,-0.238711,0.072593,2
0.350357,-0.233072,0.000136,2
0.141293,-0.179397,-0.231622,2
0.537850,-0.009122,0.191461,2
-0.404883,0.278863,-0.070255,1
0.287516,-0.470847,0.059645,2
0.266523,0.027300,0.081432,2
-0.351621,0.019366,-0.160615,1
0.734576,-0.074490,0.368273,2
0.063527,0.201785,0.194165,2
0.634249,-0.074674,0.398555,2
-0.184249,0.213763,-0.014199,1
-0.359360,0.277654,-0.376047,1
-0.279810,0.143716,0.231116,1
-0.436341,0.249192,0.123699,1
0.585427,0.111913,0.137760,2
0.664651,0.308634,-0.120083,2
0.492615,-0.262888,-0.083267,2
0.560726,-0.040319,-0.079978,2
-0.702986,-0.136301,-0.127847,1
-0.528233,0.131257,0.323407,1
-0.013923,-0.092838,0.040011,1
0.292862,0.160750,0.149383,2
0.360070,-0.079000,0.125853,2
0.293251,0.075196,0.206290,2
0.117432,-0.040627,0.004064,2
0.078569,-0.242294,-0.139674,2
-0.621919,-0.032759,-0.203935,1
-0.352457,-0.254770,-0.171705,1
0.246447,0.352778,0.200009,2
-0.585879,0.021403,-0.209424,1
0.467936,0.115697,-0.154993,2
0.597075,0.175535,-0.253477,2
-0.423570,-0.154815,0.058916,1
-0.354452,-0.083954,-0.025897,1
0.394446,0.291689,0.159293,2
0.314552,-0.041842,0.004383,2
0.383912,0.139719,-0.127133,2
-0.626437,-0.408149,0.214523,1
0.192151,0.085423,0.219378,2
0.198528,0.186141,-0.280842,2
0.550722,-0.018222,-0.256642,2
0.281799,0.261791,-0.089311,2
-0.756845,-0.077496,-0.138226,1
-0.201007,-0.081384,-0.225938,1
0.840631,0.007237,-0.061824,2
-0.532345,-0.153495,0.235816,1
-0.324852,0.261969,0.165953,1
0.493318,0.113775,0.195778,2
0.098036,-0.035981,-0.163460,2
-0.501000,-0.095353,-0.130211,1
-0.452934,0.154752,-0.246663,1
-0.196914,0.120491,0.164008,1
-0.359218,0.050561,-0.171727,1
-0.680024,-0.068036,-0.142903,1
0.509412,0.383722,-0.132703,2
-0.629933,-0.105579,-0.108857,1
0.463071,-0.013636,0.311492,2
0.768152,-0.023356,0.459434,2
-0.509509,0.013812,-0.223188,1
0.529285,0.106980,0.037184,2
0.556192,-0.369848,-0.034516,2
0.144619,-0.289160,-0.016945,2
0.553302,-0.500000,-0.275977,2
0.328438,0.293018,-0.466526,2
-0.514027,0.253572,0.225773,1
0.129919,0.333512,0.088965,2
0.715598,-0.044752,-0.300877,2
-0.558519,0.155074,0.129757,1
-0.882467,-0.298703,-0.161671,1
0.843459,0.018737,0.211892,2
0.848619,-0.005214,-0.032863,2
-0.793935,0.084359,-0.031204,1
-0.406695,0.044327,0.106498,1
-0.150033,-0.078229,0.245422,1
0.467807,-0.114885,0.377895,2
-0.386921,0.258333,-0.282719,1
-0.088607,-0.169453,-0.031714,1
0.445216,-0.185126,-0.099746,2
-0.337172,0.088142,-0.204080,1
0.625605,-0.279999,-0.158372,2
-0.588401,-0.361841,-0.310885,1
0.431010,0.140574,-0.184092,2
-0.306857,-0.315359,0.163752,1
-0.748665,-0.195642,-0.155478,1
-0.394065,-0.134921,0.203849,1
-0.195653,0.095374,0.240215,1
0.471349,0.043611,0.413295,2
0.345716,-0.107928,0.383570,2
0.623296,-0.143340,-0.165693,2
0.527310,-0.172810,-0.118707,2
-0.371395,-0.245796,0.224770,1
-0.143445,0.286950,-0.052201,1
0.403601,-0.076543,-0.106675,2
0.506422,-0.218251,0.022098,2
0.376210,0.226496,0.118291,2
-0.663317,-0.018311,-0.032903,1
-0.231757,-0.066490,0.235350,1
-0.570541,0.188056,-0.159251,1
0.677232,0.092490,-0.016952,2
0.575841,0.120731,0.192501,2
0.658620,-0.123209,-0.031633,2
0.423921,-0.035438,0.055764,2
-0.231070,-0.065159,0.010045,1
-0.018281,0.219184,0.020631,1
-0.369155,0.157826,0.083133,1
0.929138,0.196865,-0.015857,2
-0.148723,-0.310088,-0.004526,1
0.313792,-0.184532,0.022569,2
0.443886,-0.021728,-0.143834,2
-0.357624,-0.096973,-0.059913,1
-0.253479,-0.286308,-0.393951,1
0.825466,-0.076899,0.011756,2
0.488990,0.078020,-0.340440,2
-0.141185,-0.170532,0.121068,1
0.363628,-0.273940,0.154977,2
0.702917,-0.082125,0.250088,2
-0.629514,0.060367,-0.206310,1
-0.746340,-0.075645,-0.117657,1
0.297681,-0.325941,0.229915,2
0.506214,-0.121633,-0.149040,2
0.016348,0.061527,-0.090454,2
-0.057756,0.410508,-0.207864,1
-0.456532,0.174423,0.249806,1
-0.184793,-0.086883,-0.228741,1
0.236964,0.110566,-0.073573,2
0.367165,0.041258,-0.130991,2
-0.595479,0.046091,-0.271808,1
-0.089467,0.265668,-0.034118,1
0.510898,0.137984,-0.290538,2
0.554388,-0.294302,-0.500000,2
0.649510,0.193011,-0.025729,2
-0.367876,0.259801,-0.500000,1
-0.342365,-0.092349,-0.103581,1
-0.574617,0.001996,-0.197598,1
-0.865139,-0.023083,0.401117,1
-0.647930,0.049155,-0.193636,1
-0.565330,-0.297871,0.391070,1
0.530416,-0.100058,0.174243,2
-0.332139,-0.349362,-0.059472,1
0.439295,-0.020405,0.024837,2
0.419204,-0.259428,0.109573,2
0.442474,-0.107702,0.380674,2
0.518792,0.144020,0.071735,2
-0.644493,-0.332763,0.231827,1
0.232692,0.270915,-0.204425,2
-0.632461,-0.408352,0.423046,1
0.569191,0.234725,-0.128255,2
0.775535,-0.179697,-0.034095,2
-0.751326,-0.072109,0.207450,1
0.420675,0.286726,-0.127564,2
-0.279190,-0.018295,-0.463167,1
-0.407365,-0.008740,-0.076945,1
-0.552933,-0.216352,0.193787,1
-0.689331,-0.132839,0.199673,1
0.612284,0.227403,-0.272159,2
0.301894,-0.087666,-0.098903,2
-0.494079,0.130182,0.172703,1
0.847484,-0.244232,-0.225668,2
-0.251358,-0.016605,0.253537,1
-0.545096,0.002569,0.295176,1
-0.789149,0.213331,0.314327,1
0.559812,-0.118287,-0.160163,2
-0.244090,-0.026945,0.064120,1
0.331117,-0.150681,0.068847,2
0.317266,0.244704,-0.069366,2
0.534029,0.083675,0.108207,2
0.206106,0.066670,-0.220593,2
-0.449382,-0.452413,-0.060101,1
-0.947554,0.014582,0.179402,1
0.533446,0.224658,0.274056,2
-0.725638,0.102212,-0.163963,1
-0.336533,-0.364248,-0.080708,1
0.510638,0.297788,0.117319,2
-0.260797,0.196595,0.076808,1
-0.514020,-0.288686,0.043972,1
-0.252915,-0.097385,-0.190859,1
-0.463075,0.038279,0.033405,1
-0.506384,-0.102867,-0.044088,1
0.638067,0.376535,0.242757,2
0.143316,-0.007305,0.127452,2
-0.503882,-0.100090,0.384265,1
-0.581575,0.355145,-0.045071,1
-0.532676,0.155741,0.122515,1
-0.199659,-0.238966,-0.266626,1
-0.516053,0.100087,0.131495,1
-0.738515,0.258497,-0.479519,1
-0.594127,-0.155834,-0.037287,1
0.467093,-0.005373,0.060665,2
-0.792562,0.000011,-0.316557,1
0.423480,0.500000,-0.056586,2
0.340790,-0.113603,-0.141235,2
0.649463,-0.161846,0.292709,2
-0.529724,-0.108150,0.227103,1
0.451011,0.175766,0.045778,2
-0.425063,-0.211771,-0.317406,1
-0.108288,0.246965,-0.056398,1
0.596184,0.026089,0.207719,2
0.635707,-0.281211,0.012021,2
0.651550,-0.249507,-0.079084,2
0.317066,-0.101672,0.056752,2
-0.229817,-0.027661,-0.065380,1
0.584181,-0.258070,-0.001047,2
0.420435,0.003400,0.169311,2
-0.220526,-0.101405,0.023054,1
-0.528952,0.254073,-0.271819,1
0.283370,-0.161015,0.072212,2
-0.439721,-0.048289,-0.278818,1
0.457936,0.133755,0.043286,2
-0.723306,-0.094363,-0.042989,1
0.498070,0.001841,0.123354,2
-0.571566,-0.037698,-0.273557,1
0.206337,-0.200348,0.017484,2
0.599154,0.054335,0.239222,2
0.542093,-0.085090,0.108483,2
-0.776549,-0.494986,0.191155,1
-0.752501,-0.070511,-0.251931,1
0.280499,0.348117,-0.113632,2
0.167601,-0.055110,-0.090315,2
-0.704993,0.174148,-0.279490,1
-0.434366,-0.147071,0.053628,1
0.679313,0.186237,0.068986,2
-0.794229,0.138818,-0.132216,1
-0.536664,0.093797,0.118779,1
0.451200,0.455913,0.264104,2
-0.515440,-0.084776,-0.182990,1
-0.619483,-0.326035,-0.058651,1
-0.443606,0.030201,0.017639,1
0.391171,-0.112010,-0.196788,2
-0.324077,0.020640,-0.296663,1
0.288196,-0.176304,0.213013,2
-0.577004,-0.275914,0.185779,1
0.892100,-0.307576,-0.075851,2
-0.474420,0.106079,-0.118797,1
-0.339702,0.176111,-0.370582,1
0.415041,-0.064006,0.104523,2
-0.396804,0.150867,0.413203,1
-0.633864,-0.166957,-0.033813,1
0.570387,0.021008,-0.185171,2
0.724748,-0.168868,-0.153517,2
-0.201986,0.296961,-0.111101,1
-0.343108,-0.042289,-0.015884,1
-0.209664,0.190864,-0.157159,1
0.833630,-0.109905,0.298959,2
-0.447322,0.415516,-0.424226,1
-0.557563,-0.175999,0.004180,1
0.706489,0.013936,-0.142697,2
0.400299,-0.214257,0.106240,2
0.895319,0.241473,0.379811,2
0.229592,0.107182,-0.172271,2
-0.505407,-0.379891,0.213764,1
-0.803526,0.314798,0.449059,1
0.520199,0.245253,0.078666,2
0.222456,0.156795,0.002746,2
0.525968,-0.213850,-0.039770,2
-0.174575,0.018842,-0.292212,1
0.526365,-0.046989,0.095253,2
0.541700,0.110890,0.051523,2
-0.970339,0.029886,-0.025792,1
0.419892,0.267204,0.067972,2
-0.099902,-0.011447,0.040130,1
0.895383,0.260572,-0.440665,2
0.481693,-0.132528,-0.338395,2
-0.526821,0.176271,0.223135,1
-0.357353,0.259233,-0.108827,1
0.346299,-0.123340,0.063025,2
-0.336888,-0.153107,-0.017947,1
-0.687933,-0.187390,-0.017574,1
0.477003,0.079936,-0.058793,2
0.589080,0.262681,-0.001773,2
0.502289,0.319668,0.375154,2
-0.303432,0.078857,0.420312,1
0.516168,-0.242820,-0.307102,2
-0.654071,0.163382,0.276422,1
-0.434291,-0.221458,0.041975,1
-0.662307,0.144211,-0.047404,1
-0.565546,-0.092006,0.315574,1
-0.387684,0.058291,0.063703,1
0.353676,0.120007,-0.121260,2
0.477731,-0.084417,0.194844,2
0.480464,0.279516,-0.228295,2
0.412505,-0.161645,0.056690,2
0.602098,0.173972,0.053490,2
-0.639941,0.003629,-0.190138,1
0.312187,-0.041101,-0.209081,2
0.383369,0.188968,0.430933,2
0.473047,-0.071362,0.266987,2
-0.510073,-0.269787,0.285164,1
0.518158,-0.321075,-0.198128,2
-0.425850,0.123621,-0.019843,1
-0.599109,-0.100278,-0.238982,1
-0.686719,-0.246783,0.242140,1
-0.421611,-0.207272,-0.261811,1
-0.387660,0.120301,0.013034,1
-0.395964,-0.385320,-0.427242,1
0.508646,-0.031253,0.102642,2
0.060025,0.081378,-0.044631,2
-0.326419,-0.142811,0.251832,1
0.475184,0.313791,0.342157,2
0.685813,0.009075,-0.334536,2
-0.842947,0.082617,0.309351,1
-0.712208,0.410988,0.333893,1
-0.473881,-0.115972,0.154581,1
-0.696428,-0.135335,-0.121828,1
0.718823,0.225205,-0.450336,2
0.473135,0.191629,0.272220,2
0.711641,0.074699,0.277684,2
-0.338385,0.069476,0.047869,1
0.560924,0.320479,-0.031731,2
-0.577531,-0.243052,0.346718,1
-0.133463,-0.188503,0.234957,1
-0.657817,0.163927,-0.108833,1
0.457860,-0.099508,-0.027517,2
0.929738,-0.042156,0.067464,2
-0.539419,0.008518,0.338092,1
-0.694063,0.287856,0.270720,1
0.857170,-0.135606,-0.433278,2
0.921316,-0.321500,-0.172737,2
-0.409551,-0.222885,-0.011749,1
0.635923,-0.122692,-0.393474,2
-0.590696,0.147329,-0.300873,1
-0.532405,-0.105949,0.038387,1
0.314862,-0.032356,-0.189792,2
-0.542674,-0.023249,0.005712,1
-0.244808,0.242238,-0.279128,1
0.654236,0.188257,-0.129068,2
-0.610660,-0.299115,-0.167456,1
-0.495110,-0.238171,0.185319,1
-0.448365,-0.029757,-0.148032,1
0.494990,0.022305,-0.066467,2
0.567193,-0.084142,-0.269872,2
-0.539836,-0.246466,-0.485913,1
-0.653620,-0.178010,-0.104666,1
-0.235622,0.002239,-0.363475,1
0.803010,-0.295047,-0.285291,2
-0.412911,-0.268713,0.059535,1
0.255442,0.218699,0.364296,2
-0.386336,-0.245037,0.275196,1
0.527615,0.231271,-0.276815,2
-0.223917,0.110405,-0.147466,1
0.594627,0.405473,0.268393,2
0.647011,-0.418612,-0.394661,2
-0.594211,0.439244,-0.234213,1
-0.585754,0.017571,0.031810,1
0.434419,0.065601,0.042571,2
-0.364321,-0.149238,0.286605,1
-0.627666,-0.154631,-0.182587,1
-0.579531,-0.029958,-0.198726,1
0.806470,-0.366035,-0.442287,2
-0.443029,0.009540,-0.229569,1
-0.372091,-0.090177,-0.177039,1
0.362716,0.112663,0.158161,2
0.778030,-0.088063,0.016633,2
-0.138461,0.055950,0.043947,1
-0.854839,-0.277596,-0.065549,1
0.623014,-0.263805,0.013299,2
0.216262,0.231916,0.219034,2
-0.794168,0.219340,0.148690,1
-0.602759,0.083518,-0.329459,1
-0.226259,-0.254115,-0.001183,1
0.293870,-0.490391,-0.035170,2
-0.624807,0.060274,-0.125152,1
-0.419065,-0.044190,0.157515,1
0.558661,-0.284471,-0.029611,2
0.761564,0.026791,-0.069698,2
0.742982,0.058254,-0.046246,2
-0.410212,0.011623,-0.262553,1
0.307190,-0.372297,0.035969,2
-0.478168,0.349353,-0.207781,1
-0.697247,0.053649,-0.128768,1
0.690198,-0.034884,-0.063221,2
0.507389,0.179712,-0.117682,2
0.360438,-0.104696,-0.223485,2
-0.611257,0.060349,-0.400871,1
-0.884146,0.067131,0.090052,1
-0.441543,0.163117,0.041199,1
-0.244332,-0.073161,0.123196,1
-0.374586,-0.099940,0.283714,1
0.764421,-0.300629,0.152031,2
-0.484110,-0.056384,0.085221,1
0.417190,0.038559,0.149079,2
0.473009,0.005663,0.103795,2
-0.677548,0.055281,0.171810,1
0.650467,-0.036286,0.055173,2
0.431171,0.268914,-0.072987,2
-0.551262,-0.107296,-0.095602,1
-0.328406,0.030918,-0.183735,1
0.289307,0.036497,-0.077353,2
0.347899,-0.090177,0.380136,2
0.645454,0.294051,-0.218379,2
0.449412,0.023359,-0.205138,2
-0.547951,-0.137540,0.066841,1
0.361246,0.180278,-0.049004,2
0.659717,0.348037,-0.067891,2
-0.415786,0.131768,-0.182003,1
0.501034,0.168330,0.063688,2
-0.698173,-0.205971,-0.121891,1
-0.306559,0.356797,0.171830,1
-0.327689,-0.041518,0.188181,1
0.434069,0.131982,0.042632,2
0.729660,-0.135292,0.046292,2
0.547621,-0.039503,0.060336,2
0.307607,-0.002514,0.321274,2
-0.459170,0.159339,0.112741,1
0.441079,0.340778,0.099894,2
-0.370956,0.206338,0.181864,1
0.408015,-0.069637,-0.140676,2
-0.165738,-0.262856,-0.106889,1
-0.099139,0.281937,-0.010214,1
-0.797992,-0.228602,-0.013088,1
0.217232,-0.067401,-0.106837,2
-0.420424,0.393574,0.342786,1
-0.678469,-0.041128,0.108724,1
-0.336999,-0.258842,-0.042984,1
0.469516,0.319049,-0.116155,2
0.348711,-0.154664,0.337227,2
0.782272,-0.316856,-0.091337,2
0.449017,0.054688,-0.049939,2
-0.495951,-0.009737,-0.262403,1
0.774797,-0.042232,0.034814,2
-0.233667,0.015768,0.253709,1
0.482518,0.137559,0.044684,2
0.532088,0.144034,0.179659,2
0.287698,0.169994,0.127603,2
0.597738,0.495379,0.251782,2
0.468094,0.399713,-0.212001,2
-0.609377,-0.014330,0.233522,1
-0.585882,-0.018108,-0.217174,1
-0.896594,-0.243596,-0.205499,1
0.242879,0.034477,0.133879,2
-0.667921,-0.043328,0.143608,1
0.224100,0.003754,-0.030110,2
-0.564481,-0.374308,-0.293102,1
0.453868,0.059136,-0.040538,2
0.926107,0.050129,-0.112297,2
0.846497,0.219465,0.161138,2
0.595777,0.105919,0.037732,2
0.471348,-0.068995,0.330864,2
-0.640277,-0.262423,0.003539,1
0.717286,0.113931,0.150944,2
0.655090,0.173776,-0.017422,2
-0.615480,-0.092326,-0.115169,1
-0.594903,0.097388,-0.124961,1
0.353859,0.099496,0.148265,2
-0.324497,0.074069,0.285943,1
-0.495781,-0.104960,0.205002,1
-0.143221,-0.022120,-0.131824,1
-0.180038,-0.053840,0.051597,1
-0.568171,-0.195007,0.264333,1
0.613959,0.165275,0.036785,2
-0.680351,-0.069122,-0.070609,1
0.551176,0.079106,0.033163,2
-0.363743,-0.471741,-0.159660,1
0.108039,-0.011019,-0.004312,2
0.584872,-0.136575,0.080688,2
0.620581,0.249986,-0.097915,2
-0.611060,0.373446,-0.187149,1
0.820575,-0.381584,0.060369,2
-0.351321,0.150786,-0.180648,1
-0.767516,0.043954,-0.392832,1
-0.597774,-0.235213,0.044216,1
-0.720336,0.173724,-0.106740,1
-0.574251,-0.026094,-0.288901,1
0.488066,-0.152649,-0.172494,2
0.369989,0.228561,-0.185487,2
0.483288,0.207402,0.078010,2
-0.299025,0.132748,-0.117862,1
-0.684997,0.199298,-0.026962,1
-0.391670,0.209115,0.235131,1
0.627196,-0.032127,-0.316386,2
0.436525,0.080459,0.196750,2
0.538683,-0.075879,0.047614,2
0.623742,0.306098,-0.107620,2
-0.203130,-0.075624,-0.349210,1
-0.735742,-0.116317,-0.131703,1
-0.216380,-0.046350,-0.108782,1
0.538264,0.011530,0.011234,2
0.368934,0.086471,-0.218942,2
-0.559260,0.031652,0.233623,1
0.278998,-0.239266,-0.187457,2
-0.703210,0.167202,0.211612,1
0.820852,0.205270,-0.197475,2
0.559430,-0.321763,-0.434904,2
0.337294,-0.458102,-0.088918,2
-0.428461,-0.117627,0.012941,1
0.268337,0.348413,-0.112967,2
-0.614641,-0.381093,0.159022,1
-0.533301,0.256101,0.337874,1
-0.874833,-0.050412,-0.364080,1
0.841476,-0.009394,0.002512,2
0.558623,-0.437634,0.000997,2
0.440851,-0.046263,0.068612,2
-0.745426,-0.069684,0.009976,1
-0.807266,0.113246,-0.037035,1
0.322614,-0.261898,-0.048400,2
0.333986,-0.274406,-0.132820,2
0.580712,0.010054,0.025181,2
0.084306,0.389937,0.051366,2
0.549521,-0.018130,-0.223148,2
0.707314,-0.121212,0.308618,2
-0.888910,-0.022880,0.247827,1
-0.454960,0.135014,0.234515,1
0.226924,-0.050537,0.210522,2
0.814473,0.461217,-0.273861,2
0.494049,-0.097191,-0.116008,2
0.378452,0.063546,0.084019,2
0.088562,-0.151282,-0.048572,2
0.404407,0.100627,-0.286883,2
0.345783,-0.135822,-0.182204,2
-0.400029,-0.249359,-0.274433,1
-0.634323,-0.126205,0.263648,1
-0.393419,-0.205019,-0.159492,1
0.452763,-0.193581,0.412408,2
-0.235682,0.198436,-0.181961,1
-0.605053,-0.025022,-0.473285,1
0.729627,0.410214,0.188452,2
0.646702,0.082002,0.304331,2
-0.840184,0.100225,0.034303,1
-0.757826,-0.044051,-0.080013,1
0.223722,0.026670,-0.003139,2
0.733828,-0.187693,-0.126600,2
-0.542355,-0.018673,-0.150759,1
-0.379953,-0.009569,0.028707,1
0.587988,0.118622,0.080622,2
0.245528,-0.147673,0.267409,2
-0.664150,0.200254,-0.213631,1
0.105630,0.052821,-0.013916,2
0.264216,-0.125155,-0.291816,2
0.294389,-0.232709,0.449519,2
-0.715443,0.075594,0.281601,1
0.668069,-0.053358,-0.049725,2
-0.460782,-0.112978,-0.218255,1
-0.513240,-0.056766,-0.202316,1
0.518000,0.236886,0.472121,2
-0.103554,0.179587,-0.177425,1
0.630043,-0.388216,0.008119,2
-0.428195,-0.185281,-0.140785,1
0.608821,0.421131,-0.196214,2
0.810327,-0.038202,-0.119417,2
0.838727,0.001644,-0.086709,2
-0.408961,0.221554,0.284714,1
0.113004,0.151866,0.306506,2
0.461563,0.068369,-0.091927,2
-0.363920,0.094365,0.046544,1
0.415593,-0.038818,-0.278638,2
0.519021,0.159312,0.139365,2
-0.377210,-0.004008,-0.265716,1
-0.672019,0.006114,-0.048518,1
-0.440144,0.188604,-0.062302,1
0.529181,-0.125100,0.146276,2
0.681748,-0.136516,0.011641,2
-0.309386,-0.118311,-0.139000,1
0.435420,0.047859,-0.185264,2
-0.207607,0.333060,-0.205106,1
-0.096073,0.110318,0.153940,1
-0.820632,-0.140508,-0.007950,1
0.350436,-0.050674,0.293893,2
0.518780,-0.003757,-0.099155,2
-0.613740,0.089019,0.164651,1
-0.601319,0.130075,0.008138,1
0.192802,0.179695,0.260877,2
-0.743113,-0.004864,0.175920,1
-0.583144,-0.166671,-0.092100,1
-0.715900,0.049762,0.316570,1
0.284162,-0.164419,0.193324,2
-0.397744,0.295681,0.241605,1
-0.239059,0.277994,-0.259932,1
0.346907,-0.153553,0.112120,2
0.383325,0.158961,0.201946,2
0.493223,0.402524,-0.298677,2
0.685172,0.295104,0.086132,2
-0.644993,-0.218606,-0.178697,1
0.627345,-0.019947,0.475912,2
-0.452228,-0.318768,-0.080114,1
-0.786134,0.003521,-0.060556,1
0.453940,-0.034754,-0.023005,2
0.725593,-0.033471,-0.087494,2
-0.373002,-0.085279,0.083129,1
-0.647552,0.031474,-0.479260,1
-0.815949,-0.038665,-0.161526,1
0.544674,-0.056903,-0.213248,2
0.601318,-0.031127,-0.398321,2
0.787043,0.262826,0.013529,2
0.791741,-0.163926,-0.041751,2
-0.230269,-0.014114,-0.057424,1
-0.513797,0.053729,0.248904,1
0.155896,-0.167249,0.116655,2
-0.504419,-0.192476,0.215094,1
0.620400,-0.125373,-0.161628,2
-0.612430,-0.023668,0.054119,1
0.693060,-0.029498,-0.080995,2
-0.384763,0.094173,0.009483,1
-0.830020,-0.108554,0.216290,1
0.429416,0.071274,-0.098097,2
-0.612387,0.009634,0.164348,1
0.747374,0.160799,0.106994,2
-0.231463,-0.097698,0.008575,1
0.204665,-0.171321,-0.061472,2
-0.836980,-0.485114,0.124949,1
0.540724,0.023565,0.032858,2
0.642459,0.183736,-0.232205,2
-0.576241,0.093936,-0.322489,1
0.697759,0.023471,0.304434,2
-0.299422,-0.044222,0.043550,1
-0.227503,0.488601,-0.128995,1
0.397070,-0.021532,0.230467,2
-0.696652,-0.047300,0.210693,1
0.589019,0.079424,-0.248038,2
-0.515980,0.072506,-0.179380,1
-0.501708,-0.102579,0.038958,1
0.423229,0.005147,-0.143969,2
0.541837,-0.191624,0.074905,2
-0.585907,0.055371,-0.300021,1
-0.524224,0.068672,0.423252,1
0.935531,-0.216288,-0.184402,2
-0.036515,0.097224,-0.282867,1
0.455824,0.102637,0.139348,2
-0.544824,0.112194,0.015986,1
0.309285,-0.095875,-0.005121,2
-0.338258,-0.037578,-0.095012,1
0.798496,-0.123720,-0.178814,2
-0.175987,-0.247752,-0.352771,1
0.446111,-0.031502,0.072701,2
0.383251,-0.256940,0.267093,2
-0.962712,0.254258,-0.283037,1
-0.791528,0.203550,-0.053726,1
0.355297,-0.162993,0.003360,2
0.464342,0.110760,0.418323,2
0.885124,-0.031322,-0.286979,2
-0.406629,0.098974,-0.191106,1
-0.354221,0.316965,0.105120,1
-0.539549,0.164119,0.001636,1
-0.595400,0.002925,0.302257,1
0.418966,-0.101085,-0.088130,2
-0.217941,-0.011095,-0.077225,1
-0.692656,0.353044,-0.036695,1
-0.189863,0.160066,0.180366,1
0.552523,-0.277181,0.061336,2
0.576619,-0.242604,0.242470,2
0.413193,0.075503,-0.108552,2
0.437192,0.139852,0.044012,2
0.483000,-0.175143,0.117874,2
-0.869881,0.007143,0.255729,1
-0.612541,-0.034603,0.294897,1
0.346245,0.027907,0.192318,2
0.462149,-0.098460,0.105884,2
0.471843,-0.180463,-0.162080,2
0.735912,0.047426,-0.062282,2
0.389784,0.143792,-0.053237,2
0.561653,0.076996,0.032351,2
0.125774,0.033234,-0.199707,2
-0.764981,-0.192470,-0.178723,1
-0.507086,-0.019853,-0.115962,1
-0.849414,0.002148,-0.001078,1
-0.520410,0.062257,0.319418,1
-0.509317,0.145120,-0.216364,1
-0.750182,0.114767,0.321778,1
0.826900,-0.140132,-0.096401,2
-0.256133,-0.390828,0.162781,1
0.035250,0.023638,0.132257,2
-0.312564,-0.019838,-0.136701,1
-0.748376,-0.147815,0.334556,1
-0.841359,0.081433,-0.131724,1
0.589995,0.233309,-0.013992,2
0.699986,-0.017537,0.144156,2
0.585052,0.325631,-0.067741,2
-0.859844,0.124721,0.160925,1
-0.799005,0.041083,-0.140079,1
-0.601007,-0.223912,0.379689,1
0.473115,0.010694,-0.076149,2
-0.405398,0.269203,0.043119,1
0.244405,0.067428,0.499898,2
0.653527,0.336740,0.093215,2
-0.370224,0.040052,-0.022331,1
-0.340371,-0.122997,-0.439223,1
0.364845,0.009309,0.314025,2
-0.551592,0.129927,-0.077078,1
0.191317,0.189866,0.354052,2
0.651382,0.158100,-0.210775,2
0.428804,-0.216150,-0.175697,2
0.361160,-0.370651,0.053530,2
0.394113,0.156058,-0.481743,2
0.646357,-0.041534,-0.162041,2
0.214823,-0.114134,0.197099,2
-0.881779,-0.169245,-0.332806,1
0.169654,0.002251,0.082425,2
-0.531220,0.004251,-0.123411,1
0.415613,-0.178084,0.242180,2
0.814857,-0.026783,-0.202796,2
0.862914,0.035169,-0.122092,2
0.498612,-0.309410,0.039538,2
-0.436395,-0.126297,-0.131481,1
0.533498,0.216121,0.042508,2
0.080679,-0.220250,-0.011543,2
-0.584954,-0.432940,0.047515,1
-0.223397,-0.416880,0.009573,1
0.474799,0.244714,0.211542,2
-0.623228,0.081810,0.234481,1
-0.850249,-0.004218,-0.140551,1
-0.633603,0.380641,0.380146,1
0.586292,0.214105,0.092847,2
0.045493,-0.078819,0.334297,2
0.308454,-0.065921,-0.128529,2
-0.725047,-0.161634,-0.053593,1
0.439456,0.271218,-0.306424,2
0.791577,0.035350,-0.148345,2
0.485502,-0.015596,-0.097208,2
0.859453,0.009086,0.144287,2
-0.725077,-0.382264,0.146091,1
0.124239,-0.018128,0.193927,2
0.387242,-0.181898,0.128808,2
0.468002,0.025958,-0.036942,2
0.525413,0.142983,0.428096,2
0.660299,-0.067797,0.069426,2
-0.699222,0.186145,-0.196627,1
-0.378487,0.127956,-0.108514,1
-0.279332,-0.230151,0.082103,1
0.536528,-0.264111,-0.178427,2
0.279581,-0.219258,-0.145310,2
0.346023,0.224302,-0.015548,2
-0.370637,0.373210,-0.156405,1
0.212523,-0.117804,0.334724,2
0.478206,-0.340980,0.187092,2
0.281947,0.169981,0.175141,2
-0.788059,-0.041214,-0.270134,1
-0.478009,0.103115,0.012075,1
0.560311,0.114455,0.317371,2
0.397119,0.267114,-0.281522,2
0.113723,0.206975,0.251288,2
-0.609612,-0.336447,0.077602,1
-0.585068,-0.155675,0.180087,1
-0.664509,-0.105866,0.216938,1
-0.208371,0.143488,0.148523,1
-0.598072,-0.324062,-0.077185,1
0.214861,0.272023,-0.112813,2
0.720118,0.010400,0.010951,2
-0.658481,-0.355607,0.113891,1
0.161671,-0.314252,0.078180,2
-0.145298,0.060679,0.361501,1
0.375815,-0.014506,-0.300198,2
0.318520,0.108955,-0.340984,2
-0.433960,-0.326726,-0.328418,1
-0.473656,-0.251235,-0.289035,1
0.225097,0.024245,-0.313428,2
0.677686,-0.084861,0.258917,2
0.506902,-0.072300,-0.245946,2
-0.867369,-0.063028,-0.198372,1
0.430392,-0.077485,0.174872,2
0.406623,0.021744,-0.369646,2
-0.269300,-0.037845,-0.119403,1
0.573880,-0.193651,0.296983,2
-0.588779,0.137899,-0.335537,1
0.324442,0.077802,-0.049551,2
0.606167,-0.175135,0.143495,2
0.385580,-0.107205,0.020676,2
-0.590371,0.070878,-0.110051,1
0.452819,0.026426,-0.375270,2
-0.589613,0.065215,-0.100986,1
0.476106,-0.119924,-0.077884,2
-0.675887,-0.006980,0.288778,1
0.366068,0.011244,0.196433,2
0.806392,-0.222436,0.391805,2
0.921219,-0.396943,-0.227034,2
0.691674,0.024767,0.094993,2
-0.335114,0.025503,-0.044175,1
0.674228,0.293419,0.064480,2
0.382470,-0.034856,0.068261,2
0.314816,-0.382726,0.088253,2
-0.545756,0.322468,-0.165778,1
-0.693877,-0.002056,0.346879,1
0.305473,0.043962,0.153508,2
0.584155,-0.328152,-0.210219,2
-0.592619,0.009877,-0.361644,1
-0.531316,-0.179326,0.085561,1
-0.696741,-0.030815,-0.139818,1
-0.383236,0.252886,0.047197,1
-0.275045,-0.177163,-0.313568,1
-0.572364,0.148592,0.303982,1
0.077764,0.047981,-0.267684,2
0.348713,0.297529,-0.127370,2
0.357807,0.229158,-0.024446,2
0.553950,0.007456,-0.433620,2
0.879903,0.155949,-0.241128,2
-0.857023,-0.200866,-0.057287,1
0.422913,0.062523,-0.061977,2
0.615429,-0.111237,0.250344,2
-0.380806,-0.180812,0.183385,1
-0.763998,0.174790,-0.155511,1
0.327161,0.272361,-0.089410,2
0.314270,-0.000086,-0.034883,2
0.410662,-0.071952,-0.060485,2
0.625200,-0.036988,0.103605,2
-0.532116,0.472760,-0.060182,1
-0.547228,0.015677,-0.030235,1
0.171417,0.131943,-0.143225,2
-0.492289,0.089476,-0.330042,1
-0.323549,-0.196946,0.120871,1
0.576367,-0.169439,0.064202,2
0.564277,-0.175648,-0.295882,2
0.285057,-0.092244,-0.290762,2
0.977034,0.125746,-0.289081,2
0.656089,0.012729,-0.281100,2
-0.344507,-0.019827,0.089863,1
-0.433313,-0.079189,0.187265,1
-0.594341,0.254346,0.115208,1
0.328343,-0.442419,-0.116523,2
-0.389976,-0.117304,0.277315,1
0.455681,0.092597,0.099147,2
0.775466,0.227103,-0.017916,2
0.906400,0.119005,0.073893,2
-0.159132,-0.323604,0.245939,1
-0.419197,0.166979,-0.153020,1
0.555519,-0.250202,0.126522,2
-0.406654,0.285718,0.042961,1
-0.484319,0.158127,0.242953,1
-0.166733,0.176748,-0.044546,1
-0.579075,0.416295,0.116373,1
0.495609,0.168967,-0.125150,2
-0.157647,-0.175759,-0.164165,1
-0.635888,-0.171385,-0.151993,1
-0.632546,-0.329386,0.078790,1
0.751520,0.384424,-0.188066,2
0.685202,-0.168964,0.081070,2
0.275583,0.015597,0.051692,2
-0.727010,0.056576,-0.046476,1
-0.837591,-0.358950,0.343580,1
-0.515179,-0.241781,-0.110449,1
-0.504430,0.235868,-0.340704,1
-0.510237,-0.211176,-0.124792,1
-0.578441,0.209306,0.161492,1
0.489217,0.239605,-0.312909,2
-0.815143,-0.144337,0.300302,1
-0.627803,0.163864,0.057523,1
-0.462491,-0.120441,0.409438,1
0.360332,0.292534,0.094752,2
-0.391718,0.211667,0.058086,1
0.447142,-0.319057,-0.093145,2
-0.228880,0.088597,0.229601,1
-0.670970,-0.100876,0.098602,1
-0.973492,-0.088101,0.242538,1
-0.582672,0.180006,0.019111,1
-0.563201,0.142923,-0.363243,1
-0.233404,0.038265,-0.352388,1
-0.474231,0.424753,-0.278484,1
0.787249,0.013620,0.384471,2
0.729718,-0.042705,-0.168589,2
0.263713,-0.161502,-0.142159,2
0.373641,-0.325925,-0.182013,2
0.313624,0.013763,0.122480,2
0.446141,0.020394,0.115665,2
-0.619693,-0.174960,0.113150,1
0.611734,-0.115923,0.188754,2
0.430560,0.000909,0.120308,2
0.363987,-0.231691,-0.092730,2
0.614145,-0.245744,-0.000301,2
0.682398,-0.226320,0.178798,2
-0.345068,0.111062,0.074216,1
-0.719232,-0.385644,-0.105970,1
-0.529124,-0.230548,0.299301,1
-0.879745,0.216141,0.100385,1
0.986915,-0.287970,-0.168514,2
-0.233225,0.154466,-0.149813,1
-0.239745,-0.238373,-0.023097,1
-0.548837,0.068263,0.027604,1
0.483494,0.229594,-0.091564,2
-0.479189,-0.000126,-0.170206,1
-0.463500,-0.357559,-0.124649,1
0.158192,-0.057226,0.085908,2
0.541634,-0.342201,0.152191,2
0.623924,-0.074981,0.063509,2
-0.260743,0.011413,0.006832,1
-0.621291,0.405757,0.114605,1
0.405094,0.005571,-0.022857,2
-0.432212,0.177047,-0.048900,1
-0.690161,0.408125,0.086554,1
-0.590380,0.009753,0.167785,1
0.530036,0.084702,-0.232938,2
-0.361014,0.335820,-0.035929,1
0.737446,-0.097756,-0.080552,2
0.353504,-0.062554,0.074364,2
-0.256062,0.348441,-0.111022,1
0.717044,-0.121925,-0.252626,2
0.352109,0.231685,-0.317744,2
0.174635,-0.437438,-0.154147,2
0.368745,-0.002676,-0.112574,2
0.579965,-0.074562,0.404249,2
-0.498853,-0.040745,0.162064,1
-0.313984,-0.228780,0.095617,1
0.480989,-0.127291,0.175210,2
0.262581,-0.245349,0.227940,2
0.310471,0.059546,-0.013157,2
0.335979,-0.009585,0.072624,2
0.901210,-0.177663,-0.178946,2
-0.356215,0.426683,0.318518,1
0.679755,0.346138,-0.016395,2
-0.262649,-0.080487,0.009871,1
0.731522,0.324857,0.260766,2
0.750548,0.172987,-0.175877,2
-0.347603,-0.044999,0.231723,1
-0.290461,0.282812,-0.248439,1
0.358966,0.301107,0.043626,2
0.218020,-0.152792,-0.146690,2
-0.679721,-0.170988,-0.311469,1
-0.406518,-0.207720,0.383827,1
0.912252,0.195449,0.329233,2
0.275793,0.013638,0.151876,2
0.523819,-0.051041,-0.282997,2
0.376662,0.239060,-0.296335,2
0.535187,-0.063602,-0.412514,2
-0.569829,-0.244882,-0.059314,1
0.281008,0.101590,-0.158629,2
-0.315083,0.314474,-0.230709,1
-0.414042,0.029579,-0.013041,1
0.468366,-0.303547,-0.152424,2
0.859586,0.219707,-0.089680,2
-0.355251,0.026309,-0.111847,1
-0.444147,0.030915,0.053565,1
-0.503627,0.175426,0.045634,1
0.387067,-0.248864,-0.041408,2
0.781439,0.261248,-0.356971,2
-0.545509,0.078004,-0.417096,1
0.562462,0.022214,-0.034320,2
-0.492780,0.134950,-0.278484,1
0.361925,-0.365932,0.124082,2
-0.655035,0.279569,0.237908,1
0.431259,0.119147,-0.159233,2
0.467090,-0.322994,0.099549,2
0.412806,-0.135363,-0.023487,2
0.516945,-0.153577,-0.012569,2
-0.775346,0.353591,0.150505,1
-0.478520,-0.205442,-0.008011,1
0.641212,-0.056914,-0.207642,2
-0.395221,0.416395,-0.374812,1
0.239508,0.153093,-0.255787,2
-0.729380,-0.291163,-0.151181,1
-0.684673,0.219418,-0.008578,1
0.469462,-0.078082,0.190888,2
0.144518,-0.381617,-0.119816,2
0.499527,0.183597,0.001502,2
-0.228242,-0.172326,0.029914,1
0.944575,-0.256217,0.369306,2
-0.663949,0.331467,0.265011,1
-0.306464,-0.082818,-0.374460,1
0.333390,0.227288,-0.322754,2
0.598322,0.095733,0.048253,2
-0.472729,-0.066961,0.219961,1
-0.805824,-0.075081,-0.009231,1
-0.421480,-0.221752,0.311383,1
0.799443,-0.132635,-0.164583,2
-0.338906,0.236854,0.466448,1
-0.614432,-0.120604,-0.028069,1
-0.430505,-0.235546,0.328010,1
-0.575840,0.174190,0.274322,1
-0.539868,-0.052011,0.020760,1
-0.219170,0.202137,-0.184202,1
0.308282,0.003013,0.001027,2
-0.708165,-0.095920,-0.116240,1
0.179932,0.250216,-0.070290,2
-0.976308,0.249346,-0.234966,1
0.266727,-0.113563,-0.023426,2
-0.259507,0.233646,-0.140940,1
-0.695220,-0.259839,0.132585,1
-0.469916,0.166152,0.046163,1
0.371423,-0.394846,0.225801,2
0.564793,0.365205,-0.187572,2
-0.298982,-0.175282,0.326527,1
0.780585,-0.183016,-0.321229,2
0.454448,-0.113956,-0.439021,2
-0.296552,-0.326700,0.079675,1
-0.223959,-0.315009,0.016299,1
0.420743,0.121711,-0.136277,2
0.130617,-0.289710,0.005746,2
-0.418533,0.164940,0.031631,1
0.260393,0.021442,0.155203,2
0.302706,0.231796,-0.329260,2
0.371880,0.438673,-0.218344,2
0.557413,-0.130612,0.418800,2
0.442917,0.128735,0.266785,2
0.503877,-0.163797,0.438370,2
-0.659540,0.112796,-0.097637,1
0.274905,0.146662,0.213379,2
-0.768455,0.160342,-0.166183,1
0.570510,-0.078726,-0.070034,2
-0.654973,-0.049203,0.169052,1
0.439200,0.183312,-0.087289,2
-0.192557,-0.017075,0.032723,1
-0.652581,-0.196227,0.292047,1
0.348836,-0.177691,0.189526,2
-0.186408,0.123996,0.176777,1
0.197027,-0.136026,-0.228176,2
0.922408,0.083181,-0.085071,2
-0.414898,0.051626,0.238184,1
0.477307,0.021916,-0.197499,2
-0.919244,0.186061,0.005268,1
-0.595161,-0.087814,0.016202,1
-0.561560,0.048786,-0.087222,1
-0.741631,0.193756,0.163346,1
0.642988,0.160351,0.172681,2
-0.344169,-0.026073,0.410220,1
-0.771468,-0.054085,-0.037880,1
-0.858854,0.176759,0.214575,1
-0.651174,-0.032275,0.135451,1
0.365661,0.338354,-0.303968,2
0.732164,0.067398,0.059751,2
0.644150,0.182754,-0.429595,2
0.439608,-0.002700,0.153553,2
0.546557,-0.226133,0.201770,2
0.209723,0.306630,-0.006431,2
0.372273,-0.329688,-0.292322,2
-0.767463,-0.267423,-0.034773,1
-0.673313,-0.293623,-0.058141,1
0.415115,0.063833,-0.048375,2
0.401054,0.006872,-0.021622,2
0.766829,0.090599,-0.123598,2
-0.725121,-0.012206,-0.229553,1
-0.613267,0.206728,0.016858,1
-0.245524,0.163840,-0.148650,1
-0.502312,0.052353,0.118763,1
-0.413068,-0.338755,0.122612,1
-0.063641,-0.039790,-0.181056,1
0.212530,0.050045,0.223727,2
-0.421189,0.211293,0.012878,1
0.444852,0.022924,0.060743,2
0.519215,0.322870,0.029038,2
-0.485076,0.003366,0.256671,1
0.267325,-0.163739,-0.356289,2
-0.509770,0.355828,-0.300963,1
0.403546,0.076824,-0.063075,2
-0.538285,0.082256,0.020084,1
-0.661364,-0.267808,0.130181,1
0.142992,0.101185,0.060616,2
0.453967,-0.289836,-0.044477,2
0.418252,0.186098,-0.186414,2
0.463117,-0.075527,0.282410,2
0.953231,0.000492,0.054447,2
0.428967,0.408524,-0.241219,2
0.721298,-0.412952,0.214643,2
0.356125,-0.048447,-0.021874,2
0.706862,-0.198386,0.282630,2
0.866984,0.074305,0.165278,2
-0.635425,-0.221672,0.183467,1
0.266620,-0.091261,0.041647,2
-0.629809,-0.364987,-0.179324,1
0.215538,0.052777,-0.189055,2
-0.486414,-0.124975,-0.174972,1
-0.610802,0.413868,-0.120058,1
0.490417,-0.080770,0.148664,2
-0.238411,0.129427,-0.120845,1
-0.789197,0.211816,0.227584,1
0.509630,0.162361,0.087789,2
0.212952,0.158442,-0.049734,2
0.505864,0.011827,0.162862,2
-0.210992,0.318270,0.132000,1
-0.716749,0.303311,0.101450,1
0.613224,-0.285989,-0.179547,2
-0.443745,-0.005434,0.467130,1
1.000000,0.160060,0.003071,2
-0.477181,-0.033393,0.438905,1
0.093519,0.093769,0.338892,2
0.246029,0.212240,-0.025415,2
0.586899,0.229179,0.136399,2
-0.498764,0.227942,-0.272916,1
0.352592,0.276970,0.300110,2
-0.569226,-0.319457,0.425382,1
-0.291954,-0.195308,0.337969,1
-0.284506,0.009445,-0.026441,1
-0.462893,-0.357001,-0.049269,1
-0.235096,0.121359,-0.341818,1
0.886400,-0.010548,-0.192880,2
0.924660,0.140893,0.044020,2
-0.732947,0.042027,0.418842,1
0.669079,0.173414,-0.307375,2
0.541757,-0.254390,0.138721,2
0.435149,0.450403,0.011487,2
-0.571865,-0.207313,-0.146226,1
0.338280,0.251476,0.221774,2
0.505087,0.155249,-0.001817,2
-0.830483,0.323547,-0.341191,1
0.329830,-0.353527,0.018910,2
-0.322721,0.008463,0.081801,1
0.613000,-0.016487,-0.034481,2
0.758366,0.175198,0.275462,2
-0.130800,0.248635,-0.009885,1
-0.798637,0.079290,-0.051599,1
0.224065,0.123248,0.242056,2
-0.341869,0.207625,-0.300358,1
0.161284,0.154918,0.204121,2
0.514352,-0.012217,0.009021,2
0.754238,0.378082,0.283057,2
0.470516,-0.105632,0.081097,2
-0.024734,0.061500,0.264624,1
-0.475641,0.302024,-0.111988,1
-0.429635,0.402753,-0.335256,1
0.429302,0.111053,0.270855,2
-0.254630,-0.092236,-0.108137,1
-0.766298,-0.031013,-0.061574,1
0.520794,-0.035501,0.122085,2
0.612809,-0.348272,-0.221996,2
-0.682906,-0.125649,-0.464278,1
-0.374819,-0.033970,0.037426,1
0.482433,0.069085,-0.114195,2
-0.468654,0.038374,0.138999,1
-0.546325,0.012388,-0.073362,1
0.512469,0.137723,0.068262,2
0.097561,-0.398174,0.097334,2
0.619644,0.005253,-0.337352,2
0.418466,-0.204599,0.052578,2
0.576449,0.107100,-0.142243,2
0.541436,0.035433,0.065309,2
-0.892682,-0.082971,-0.292726,1
0.779115,-0.078869,-0.276660,2
-0.596097,0.132933,0.186034,1
0.186081,-0.039957,-0.058403,2
0.413589,0.169110,-0.116054,2
0.624590,-0.415438,0.009109,2
-0.360934,0.071543,-0.000459,1
0.572878,0.286354,0.277025,2
0.507225,0.273173,-0.024519,2
0.576037,0.040597,0.036046,2
0.499761,-0.323541,0.186255,2
-0.650013,-0.379666,0.062823,1
-0.444895,0.077535,0.189518,1
0.517745,0.081298,0.245811,2
-0.368803,0.095011,0.284770,1
-0.474978,-0.132268,-0.218915,1
-0.480892,-0.237300,0.015045,1
-0.295727,0.156789,-0.249355,1
0.502842,-0.132086,-0.015419,2
0.393472,-0.421403,0.019191,2
0.566867,-0.083908,-0.012729,2
0.276091,0.159175,-0.158275,2
0.551427,-0.114490,-0.113696,2
0.612725,-0.080446,0.087729,2
0.136379,-0.134737,-0.090340,2
0.321722,-0.387008,-0.143423,2
-0.487116,0.238692,-0.001873,1
0.049686,0.048382,-0.390624,2
-0.288176,0.269404,0.181330,1
0.758534,0.345489,-0.044844,2
-0.639892,-0.204968,-0.065987,1
0.960633,-0.480881,0.223240,2
-0.275613,0.396165,-0.244955,1
0.130343,-0.405530,-0.092390,2
-0.355194,-0.035477,0.003174,1
0.789434,0.256194,-0.249180,2
0.166076,0.074865,-0.211087,2
-0.499997,-0.244052,0.034621,1
-0.465725,-0.119622,-0.243536,1
-0.794429,-0.119889,-0.017953,1
0.794480,0.210777,-0.072096,2
